{
    "ndcg": {
        "NDCG@1": 0.52786,
        "NDCG@3": 0.47272,
        "NDCG@5": 0.44603,
        "NDCG@10": 0.41226,
        "NDCG@100": 0.38383,
        "NDCG@1000": 0.46962
    },
    "map": {
        "MAP@1": 0.06841,
        "MAP@3": 0.11335,
        "MAP@5": 0.13403,
        "MAP@10": 0.15685,
        "MAP@100": 0.20478,
        "MAP@1000": 0.22211
    },
    "recall": {
        "Recall@1": 0.06841,
        "Recall@3": 0.12591,
        "Recall@5": 0.15613,
        "Recall@10": 0.19905,
        "Recall@100": 0.39345,
        "Recall@1000": 0.70873
    },
    "precision": {
        "P@1": 0.5418,
        "P@3": 0.4386,
        "P@5": 0.3839,
        "P@10": 0.30588,
        "P@100": 0.09975,
        "P@1000": 0.02301
    },
    "mrr": {
        "MRR@1": 0.5418,
        "MRR@3": 0.6032,
        "MRR@5": 0.61187,
        "MRR@10": 0.62035,
        "MRR@100": 0.62513,
        "MRR@1000": 0.62544
    }
}