{
    "ndcg": {
        "NDCG@1": 0.4257,
        "NDCG@3": 0.39741,
        "NDCG@5": 0.3691,
        "NDCG@10": 0.33835,
        "NDCG@100": 0.31105,
        "NDCG@1000": 0.40241
    },
    "map": {
        "MAP@1": 0.05498,
        "MAP@3": 0.08882,
        "MAP@5": 0.10355,
        "MAP@10": 0.12071,
        "MAP@100": 0.15376,
        "MAP@1000": 0.16825
    },
    "recall": {
        "Recall@1": 0.05498,
        "Recall@3": 0.1016,
        "Recall@5": 0.12528,
        "Recall@10": 0.1607,
        "Recall@100": 0.33002,
        "Recall@1000": 0.65754
    },
    "precision": {
        "P@1": 0.43963,
        "P@3": 0.37771,
        "P@5": 0.32136,
        "P@10": 0.25263,
        "P@100": 0.08022,
        "P@1000": 0.02112
    },
    "mrr": {
        "MRR@1": 0.43963,
        "MRR@3": 0.52735,
        "MRR@5": 0.53369,
        "MRR@10": 0.54149,
        "MRR@100": 0.54645,
        "MRR@1000": 0.5469
    }
}