{
    "ndcg": {
        "NDCG@1": 0.4613,
        "NDCG@3": 0.39695,
        "NDCG@5": 0.37231,
        "NDCG@10": 0.34431,
        "NDCG@100": 0.31879,
        "NDCG@1000": 0.41254
    },
    "map": {
        "MAP@1": 0.06165,
        "MAP@3": 0.09533,
        "MAP@5": 0.10943,
        "MAP@10": 0.12767,
        "MAP@100": 0.16114,
        "MAP@1000": 0.17679
    },
    "recall": {
        "Recall@1": 0.06165,
        "Recall@3": 0.10439,
        "Recall@5": 0.12636,
        "Recall@10": 0.16363,
        "Recall@100": 0.32651,
        "Recall@1000": 0.66612
    },
    "precision": {
        "P@1": 0.47678,
        "P@3": 0.36326,
        "P@5": 0.31641,
        "P@10": 0.25325,
        "P@100": 0.08189,
        "P@1000": 0.02137
    },
    "mrr": {
        "MRR@1": 0.47678,
        "MRR@3": 0.53612,
        "MRR@5": 0.5451,
        "MRR@10": 0.55678,
        "MRR@100": 0.56329,
        "MRR@1000": 0.56366
    }
}