{
    "ndcg": {
        "NDCG@1": 0.51393,
        "NDCG@3": 0.46587,
        "NDCG@5": 0.44184,
        "NDCG@10": 0.40613,
        "NDCG@100": 0.37602,
        "NDCG@1000": 0.4659
    },
    "map": {
        "MAP@1": 0.06594,
        "MAP@3": 0.11193,
        "MAP@5": 0.13122,
        "MAP@10": 0.15487,
        "MAP@100": 0.2019,
        "MAP@1000": 0.21957
    },
    "recall": {
        "Recall@1": 0.06594,
        "Recall@3": 0.12568,
        "Recall@5": 0.155,
        "Recall@10": 0.19827,
        "Recall@100": 0.37707,
        "Recall@1000": 0.7058
    },
    "precision": {
        "P@1": 0.53251,
        "P@3": 0.43137,
        "P@5": 0.38204,
        "P@10": 0.30186,
        "P@100": 0.09783,
        "P@1000": 0.02312
    },
    "mrr": {
        "MRR@1": 0.53251,
        "MRR@3": 0.6032,
        "MRR@5": 0.61125,
        "MRR@10": 0.61801,
        "MRR@100": 0.62288,
        "MRR@1000": 0.62322
    }
}